<?xml version="1.0" encoding="UTF-8" ?> <DATA_DS><G_1><PAYROLL_ACTION_ID>27141</PAYROLL_ACTION_ID><G_2><FILE_FRAGMENT><HEX_ADDRESS_EXTRACT><REP_CATEGORY_NAME>HEX_ADDRESS_EXTRACT</REP_CATEGORY_NAME><parameters><request_id>300000205937637</request_id><FLOW_NAME>process_flow</FLOW_NAME><legislative_data_group_id/><effective_date>2022-03-29</effective_date><start_date/><report_category_id>300000201052275</report_category_id><action_parameter_group_id/><changes_only>Y</changes_only></parameters><Employee_DG><OBJECT_ACTION_ID>2307725</OBJECT_ACTION_ID><Employee_ER><Person_ID>300000027514994</Person_ID><Person_Number>1000059440</Person_Number><Address_DG><Address_ER><Address_ID>300000191524682</Address_ID><Address_Type>MAIL</Address_Type><Effective_Start_Date>2021-06-21T00:00:00.000Z</Effective_Start_Date><Effective_End_Date>4712-12-31T00:00:00.000Z</Effective_End_Date><Address_Line1>EMPID_Address1_1</Address_Line1><Address_Line2>AAABBA</Address_Line2><Address_Line3>AAAACC</Address_Line3><Address_Line4>AAAAA</Address_Line4><Town_or_City>Bangalore</Town_or_City><Country>IN</Country><Address_Additional_Attribute1/><Address_Additional_Attribute2/><Address_Additional_Attribute3/><Region1>IN</Region1><Region2>Karnataka</Region2><Region3/><Postal_Code>560037</Postal_Code><Last_Update_Date>2022-03-29T13:54:43.000Z</Last_Update_Date><Last_Updated_By>kalpanab@hexaware.com</Last_Updated_By></Address_ER></Address_DG><Address_DG><Address_ER><Address_ID>300000027515015</Address_ID><Address_Type>HOME</Address_Type><Effective_Start_Date>2021-06-21T00:00:00.000Z</Effective_Start_Date><Effective_End_Date>4712-12-31T00:00:00.000Z</Effective_End_Date><Address_Line1>AAAAAA</Address_Line1><Address_Line2>AAAAA</Address_Line2><Address_Line3>AAAAAA</Address_Line3><Address_Line4>AAAAA</Address_Line4><Town_or_City>AAAAA</Town_or_City><Country>IN</Country><Address_Additional_Attribute1/><Address_Additional_Attribute2/><Address_Additional_Attribute3/><Region1/><Region2/><Region3/><Postal_Code>524132</Postal_Code><Last_Update_Date>2022-02-17T13:59:08.000Z</Last_Update_Date><Last_Updated_By>FUSION_APPS_HCM_ESS_LOADER_APPID</Last_Updated_By></Address_ER></Address_DG></Employee_ER></Employee_DG></HEX_ADDRESS_EXTRACT></FILE_FRAGMENT></G_2></G_1></DATA_DS>