<?xml version="1.0" encoding="UTF-8" ?> <DATA_DS><G_1><PAYROLL_ACTION_ID>22192</PAYROLL_ACTION_ID><G_2><FILE_FRAGMENT><Employee_Details><REP_CATEGORY_NAME>HEX_PERSON_EXTRACT</REP_CATEGORY_NAME><parameters><request_id>300000201492904</request_id><FLOW_NAME>Sample2</FLOW_NAME><legislative_data_group_id/><effective_date>2022-03-25</effective_date><start_date/><report_category_id>300000201309338</report_category_id><action_parameter_group_id/><changes_only>Y</changes_only></parameters><Person><OBJECT_ACTION_ID>1573779</OBJECT_ACTION_ID><Person_Details><Person_ID>300000025161056</Person_ID><Person_Number>100350</Person_Number><Last_Update_Date>2022-02-17T06:22:00.000Z</Last_Update_Date><Person_Date_of_Birth>1987-10-10T00:00:00.000Z</Person_Date_of_Birth><Person_Date_of_Death/><Person_Country_of_Birth>PH</Person_Country_of_Birth><Person_Region_of_Birth/><Person_Town_of_Birth/><Effective_Start_Date>2022-02-17T00:00:00.000Z</Effective_Start_Date></Person_Details></Person><Person><OBJECT_ACTION_ID>1573777</OBJECT_ACTION_ID><Person_Details><Person_ID>300000025161056</Person_ID><Person_Number>100350</Person_Number><Last_Update_Date>2022-02-17T06:22:00.000Z</Last_Update_Date><Person_Date_of_Birth>1987-10-10T00:00:00.000Z</Person_Date_of_Birth><Person_Date_of_Death/><Person_Country_of_Birth>PH</Person_Country_of_Birth><Person_Region_of_Birth/><Person_Town_of_Birth/><Effective_Start_Date>2022-02-17T00:00:00.000Z</Effective_Start_Date></Person_Details></Person><Person><OBJECT_ACTION_ID>1573779</OBJECT_ACTION_ID><Person_Details><Person_ID>300000025161056</Person_ID><Person_Number>100350</Person_Number><Last_Update_Date>2022-02-17T06:22:00.000Z</Last_Update_Date><Person_Date_of_Birth>1987-10-10T00:00:00.000Z</Person_Date_of_Birth><Person_Date_of_Death/><Person_Country_of_Birth>PH</Person_Country_of_Birth><Person_Region_of_Birth/><Person_Town_of_Birth/><Effective_Start_Date>2022-02-17T00:00:00.000Z</Effective_Start_Date></Person_Details></Person><Person><OBJECT_ACTION_ID>1573777</OBJECT_ACTION_ID><Person_Details><Person_ID>300000025161056</Person_ID><Person_Number>100350</Person_Number><Last_Update_Date>2022-02-17T06:22:00.000Z</Last_Update_Date><Person_Date_of_Birth>1987-10-10T00:00:00.000Z</Person_Date_of_Birth><Person_Date_of_Death/><Person_Country_of_Birth>PH</Person_Country_of_Birth><Person_Region_of_Birth/><Person_Town_of_Birth/><Effective_Start_Date>2022-02-17T00:00:00.000Z</Effective_Start_Date></Person_Details></Person></Employee_Details></FILE_FRAGMENT></G_2></G_1></DATA_DS>