<?xml version="1.0" encoding="UTF-8" ?> <DATA_DS><G_1><PAYROLL_ACTION_ID>29309</PAYROLL_ACTION_ID><G_2><FILE_FRAGMENT><HEX_EMERGENCY_CNTCT><REP_CATEGORY_NAME>HEX_EMERGENCY_CNTCT</REP_CATEGORY_NAME><parameters><request_id>300000211388566</request_id><FLOW_NAME>FlowData23</FLOW_NAME><legislative_data_group_id/><effective_date>2022-04-05</effective_date><start_date/><report_category_id>300000203579428</report_category_id><action_parameter_group_id/><changes_only>Y</changes_only></parameters><Person_DG><OBJECT_ACTION_ID>4922179</OBJECT_ACTION_ID><person_ER><Person_ID>300000027511178</Person_ID><Person_Number>1000050206</Person_Number></person_ER><Contacts_Details><Contacts_DG><Contacts_ER><Contact_Relationships_DG><Contact_Relationships_ER><First_Name>Akshay</First_Name><Last_Name>Kanna</Last_Name><Country_Code/><Address_Line1>AAAAAA</Address_Line1><Address_Line2>Anjali Apartments</Address_Line2><Address_Line3>786</Address_Line3><Address_Line4>Hyderabad</Address_Line4><Town_or_City>Hyderabad</Town_or_City><Postal_Code>500005</Postal_Code><Derived_Locale/><ContactPhone/><PhoneExtension/><PHONE_TYPE/><CONTACT_RELATIONSHIP_ID>300000211388401</CONTACT_RELATIONSHIP_ID><CONTACT_TYPE>IN_FR</CONTACT_TYPE><Contact_Person_ID>300000211388402</Contact_Person_ID><PRIMARY_CONTACT>N</PRIMARY_CONTACT><Person_ID>300000027511178</Person_ID><Contact_Addresses_DG><Contact_Address_ER><Address_Type>MAIL</Address_Type><Person_ID>300000027511178</Person_ID></Contact_Address_ER></Contact_Addresses_DG><Contact_Addresses_DG><Contact_Address_ER><Address_Type>HOME</Address_Type><Person_ID>300000027511178</Person_ID></Contact_Address_ER></Contact_Addresses_DG></Contact_Relationships_ER></Contact_Relationships_DG></Contacts_ER></Contacts_DG></Contacts_Details></Person_DG></HEX_EMERGENCY_CNTCT></FILE_FRAGMENT></G_2></G_1></DATA_DS>