<?xml version="1.0" encoding="UTF-8" ?> <DATA_DS><G_1><PAYROLL_ACTION_ID>29067</PAYROLL_ACTION_ID><G_2><FILE_FRAGMENT><HEX_EMERGENCY_CNTCT><REP_CATEGORY_NAME>HEX_EMERGENCY_CNTCT</REP_CATEGORY_NAME><parameters><request_id>300000210800104</request_id><FLOW_NAME>dataflow</FLOW_NAME><legislative_data_group_id/><effective_date>2022-04-04</effective_date><start_date/><report_category_id>300000203579428</report_category_id><action_parameter_group_id/><changes_only>Y</changes_only></parameters><Person_DG><OBJECT_ACTION_ID>3983323</OBJECT_ACTION_ID><person_ER><Person_ID>300000201066156</Person_ID><Person_Number>101259</Person_Number></person_ER><Contacts_Details><Contacts_DG><Contacts_ER><Contact_Relationships_DG><Contact_Relationships_ER><First_Name>Sruthi</First_Name><Last_Name>Raj</Last_Name><Country_Code>91</Country_Code><Address_Line1/><Address_Line2/><Address_Line3/><Address_Line4/><Town_or_City/><Postal_Code/><Derived_Locale/><ContactPhone>9876543241</ContactPhone><PhoneExtension/><PHONE_TYPE>HM</PHONE_TYPE><CONTACT_RELATIONSHIP_ID>300000210799893</CONTACT_RELATIONSHIP_ID><CONTACT_TYPE>IN_FR</CONTACT_TYPE><Contact_Person_ID>300000210799894</Contact_Person_ID><PRIMARY_CONTACT>N</PRIMARY_CONTACT></Contact_Relationships_ER></Contact_Relationships_DG></Contacts_ER></Contacts_DG><Contacts_DG><Contacts_ER><Contact_Relationships_DG><Contact_Relationships_ER><First_Name>Mary</First_Name><Last_Name>Jane</Last_Name><Country_Code>91</Country_Code><Address_Line1/><Address_Line2/><Address_Line3/><Address_Line4/><Town_or_City/><Postal_Code/><Derived_Locale/><ContactPhone>7732845671</ContactPhone><PhoneExtension/><PHONE_TYPE>HM</PHONE_TYPE><CONTACT_RELATIONSHIP_ID>300000201023967</CONTACT_RELATIONSHIP_ID><CONTACT_TYPE>C</CONTACT_TYPE><Contact_Person_ID>300000201023968</Contact_Person_ID><PRIMARY_CONTACT>N</PRIMARY_CONTACT></Contact_Relationships_ER></Contact_Relationships_DG></Contacts_ER></Contacts_DG><Contacts_DG><Contacts_ER><Contact_Relationships_DG><Contact_Relationships_ER><First_Name>Pragnya</First_Name><Last_Name>Arora</Last_Name><Country_Code>91</Country_Code><Address_Line1>#20</Address_Line1><Address_Line2>Preethi apartments</Address_Line2><Address_Line3>ITPL</Address_Line3><Address_Line4>Bangalore</Address_Line4><Town_or_City>Bangalore</Town_or_City><Postal_Code>560037</Postal_Code><Derived_Locale/><ContactPhone>8866554422</ContactPhone><PhoneExtension/><PHONE_TYPE>HM</PHONE_TYPE><CONTACT_RELATIONSHIP_ID>300000210799384</CONTACT_RELATIONSHIP_ID><CONTACT_TYPE>ORA_HRX_AUNT</CONTACT_TYPE><Contact_Person_ID>300000210799385</Contact_Person_ID><PRIMARY_CONTACT>N</PRIMARY_CONTACT></Contact_Relationships_ER></Contact_Relationships_DG></Contacts_ER></Contacts_DG></Contacts_Details></Person_DG></HEX_EMERGENCY_CNTCT></FILE_FRAGMENT></G_2></G_1></DATA_DS>