<?xml version="1.0" encoding="UTF-8" ?> <DATA_DS><G_1><PAYROLL_ACTION_ID>27489</PAYROLL_ACTION_ID><G_2><FILE_FRAGMENT><HEX_Email_Addresses><REP_CATEGORY_NAME>HEX_Email_Addresses</REP_CATEGORY_NAME><parameters><request_id>300000206814897</request_id><FLOW_NAME>FlowTest</FLOW_NAME><legislative_data_group_id/><effective_date>2022-03-30</effective_date><start_date/><report_category_id>300000201050358</report_category_id><action_parameter_group_id/><changes_only>Y</changes_only></parameters><Person_DG><OBJECT_ACTION_ID>2421991</OBJECT_ACTION_ID><Person_Record><Person_ID>300000028856741</Person_ID><Person_Number>1000033618</Person_Number><Email_Addresses_DG><Email_Addresses_Record><Person_ID>300000028856741</Person_ID><E-Mail_Type>H1</E-Mail_Type><E-Mail_Address>33618@HEXTEST.com</E-Mail_Address><E-Mail_Address_ID>300000206814791</E-Mail_Address_ID><Primary_E-Mail_ID>300000028856766</Primary_E-Mail_ID></Email_Addresses_Record></Email_Addresses_DG><Email_Addresses_DG><Email_Addresses_Record><Person_ID>300000028856741</Person_ID><E-Mail_Type>W1</E-Mail_Type><E-Mail_Address>33618@HEXTEST.COM</E-Mail_Address><E-Mail_Address_ID>300000028856766</E-Mail_Address_ID><Primary_E-Mail_ID>300000028856766</Primary_E-Mail_ID></Email_Addresses_Record></Email_Addresses_DG><Email_Addresses_DG><Email_Addresses_Record><Person_ID>300000028856741</Person_ID><E-Mail_Type>H1</E-Mail_Type><E-Mail_Address>testEZ@hexaware.com</E-Mail_Address><E-Mail_Address_ID>300000029147251</E-Mail_Address_ID><Primary_E-Mail_ID>300000028856766</Primary_E-Mail_ID></Email_Addresses_Record></Email_Addresses_DG><Email_Addresses_DG><Email_Addresses_Record><Person_ID>300000028856741</Person_ID><E-Mail_Type>H1</E-Mail_Type><E-Mail_Address>33618@PER1GMAIL.COM</E-Mail_Address><E-Mail_Address_ID>300000188728843</E-Mail_Address_ID><Primary_E-Mail_ID>300000028856766</Primary_E-Mail_ID></Email_Addresses_Record></Email_Addresses_DG></Person_Record></Person_DG></HEX_Email_Addresses></FILE_FRAGMENT></G_2></G_1></DATA_DS>