<?xml version="1.0" encoding="UTF-8" ?> <DATA_DS><G_1><PAYROLL_ACTION_ID>29055</PAYROLL_ACTION_ID><G_2><FILE_FRAGMENT><HEX_Passport><REP_CATEGORY_NAME>HEX_Passport</REP_CATEGORY_NAME><parameters><request_id>300000210799311</request_id><FLOW_NAME>FlowData</FLOW_NAME><legislative_data_group_id/><effective_date>2022-04-04</effective_date><start_date/><report_category_id>300000201494346</report_category_id><action_parameter_group_id/><changes_only>Y</changes_only></parameters><Person><OBJECT_ACTION_ID>3936801</OBJECT_ACTION_ID><Person_Details><Person_ID>300000189560645</Person_ID><Person_Number>1000004315</Person_Number></Person_Details><Passports><Passport><Passport_Details><Person_ID>300000189560645</Person_ID><Issuing_Country_Name>India</Issuing_Country_Name><Passport_Number>973626010</Passport_Number><Passport_Issue_Date>2022-01-01T00:00:00.000Z</Passport_Issue_Date><Passport_Expiration_Date>2058-01-01T00:00:00.000Z</Passport_Expiration_Date><Passport_Issuing_Location/><Passport_Issuing_Authority>TechConsulting Pvt Ltd</Passport_Issuing_Authority><Passport_ID>300000210761949</Passport_ID></Passport_Details></Passport></Passports></Person></HEX_Passport></FILE_FRAGMENT></G_2></G_1></DATA_DS>