<?xml version="1.0" encoding="UTF-8" ?> <DATA_DS><G_1><PAYROLL_ACTION_ID>29088</PAYROLL_ACTION_ID><G_2><FILE_FRAGMENT><HEX_PERSON_TSR_DETAILS><REP_CATEGORY_NAME>HEX_PERSON_TSR_DETAILS</REP_CATEGORY_NAME><parameters><request_id>300000210821028</request_id><FLOW_NAME>TSRDetails</FLOW_NAME><legislative_data_group_id/><effective_date>2022-04-04</effective_date><start_date/><report_category_id>300000209546445</report_category_id><action_parameter_group_id/><changes_only>Y</changes_only></parameters><Person_DG><OBJECT_ACTION_ID>4043153</OBJECT_ACTION_ID><PersonDetails><Person_ID>300000188679576</Person_ID><Person_Number>1000042569</Person_Number></PersonDetails><Person_TSR_Details><TSR_DG><TSR_Details><Employee_Number>1000042569</Employee_Number><AssignmentName>ERP HCM Technology Consultant</AssignmentName><Assignment_ID>300000188679596</Assignment_ID><FromDate>2022-04-04T00:00:00.000Z</FromDate><ToDate>4712-12-31T00:00:00.000Z</ToDate><BusinessUnitName>HEXBU</BusinessUnitName><CreationDate>2022-03-17T04:40:00.000Z</CreationDate><CreatedBy>FUSION_APPS_HCM_ESS_LOADER_APPID</CreatedBy><LastUpdateDate>2022-04-04T10:10:00.000Z</LastUpdateDate><LastUpdateBy>kalpanab@hexaware.com</LastUpdateBy></TSR_Details></TSR_DG></Person_TSR_Details></Person_DG></HEX_PERSON_TSR_DETAILS></FILE_FRAGMENT></G_2></G_1></DATA_DS>